Year,Manufacturer,Model,Stock #,VIN,Condition,Category,Type,Color,Engine Size,Odometer,Odometer Unit,Price ($),MSRP ($),On Sale,Savings ($),Has Promotion,Stock Status,URL
2021,Benelli,Leoncino Trail,2066A,LBBPHF061MBC22066,Used,Motorcycles,Scrambler,Red,499.6 cc,"1,489",MILES,0,"$6,499.00",No,0,No,INSTOCK,https://www.cyclewisevt.com/dx1inventory/ab943c56-60d5-45b8-a787-b429010dc8f1
2024,Beta,450 RX,0501,ZD3E7M483R0450501,Used,Motorcycles,Motocross,Red,449.3 cc,2,MILES,0,"$10,999.00",No,0,No,INSTOCK,https://www.cyclewisevt.com/dx1inventory/3a7e7d83-db7f-4d96-b6dc-b45101786e10
2026,CFMOTO,CForce 1000 Touring,0610,LCELV1ZS9TT000610,New,ATVs,CForce,Granite Ridge,963 cc,2,MILES,"$9,999.00","$10,499.00",Yes,$500.00,No,INSTOCK,https://www.cyclewisevt.com/dx1inventory/d1d6d897-b91d-4354-be97-b3b700ff365a
2026,CFMOTO,CForce 800 Touring,0840,LCELVYZS3TT000840,New,ATVs,CForce,Granite Ridge,800 cc,2,MILES,"$8,999.00","$9,499.00",Yes,$500.00,No,INSTOCK,https://www.cyclewisevt.com/dx1inventory/771e60e6-b180-44e8-b272-b3b700ff4848
2026,CFMOTO,CForce 400,1150,LCELDSZW1TT001150,New,ATVs,CForce,Jet Black,400 cc,2,MILES,"$4,999.00","$4,999.00",No,0,No,INSTOCK,https://www.cyclewisevt.com/dx1inventory/c8b31f88-79b9-411d-a5ab-b43d0175de6f
2026,CFMOTO,CForce 800 Touring,2962,LCELVYZS7T6002962,New,ATVs,CForce,Nebula Black,800 cc,2,MILES,"$8,999.00","$9,499.00",Yes,$500.00,No,INSTOCK,https://www.cyclewisevt.com/dx1inventory/8279a5df-f0b4-4932-8991-b42b011178bf
2026,CFMOTO,CForce 600 Touring,0411,LCELDUZM6TT000411,New,ATVs,CForce,Nebula Black,580 cc,2,MILES,"$8,799.00","$8,799.00",No,0,No,INSTOCK,https://www.cyclewisevt.com/dx1inventory/297d2922-81ff-484e-a8e3-b3b101733a4a
2026,CFMOTO,CForce 600 Touring,0536,LCELDUZM4TT000536,New,ATVs,CForce,TrueTimber Kanati,580 cc,2,MILES,"$9,149.00","$9,149.00",No,0,No,INSTOCK,https://www.cyclewisevt.com/dx1inventory/44b67d73-8fc0-45b6-a178-b3b700ff26fd
2026,CFMOTO,CForce 600,0923,LCELDUZL3T6000923,New,ATVs,CForce,TrueTimber Kanati,580 cc,2,MILES,"$8,149.00","$8,149.00",No,0,No,INSTOCK,https://www.cyclewisevt.com/dx1inventory/449c1874-078a-486a-96fb-b3ff014381a8
2026,CFMOTO,Ibex 800 E,0966,LCEPEYLH7T6000966,New,Motorcycles,Adventure,Gem Black,799 cc,2,MILES,"$9,924.00","$10,299.00",Yes,$375.00,No,INSTOCK,https://www.cyclewisevt.com/dx1inventory/407365fc-61f9-400b-9ee2-b412013f25ee
2026,CFMOTO,Ibex 800 E,9344,LCEPEYLH7T6009344,New,Motorcycles,Adventure,Starry White,799 cc,2,MILES,"$10,299.00","$10,299.00",No,0,No,INSTOCK,https://www.cyclewisevt.com/dx1inventory/df0513a5-cd35-4727-ba73-b43e010aad62
2026,CFMOTO,450CL-C,0720,LCEPESLF3T6000720,New,Motorcycles,CL,Teal Green,449 cc,2,MILES,"$5,799.00","$5,799.00",No,0,No,INSTOCK,https://www.cyclewisevt.com/dx1inventory/ad1b25b3-9b26-49b9-acb5-b43d0175de8a
2026,CFMOTO,675NK,1272,LCEPEVLR2T6001272,New,Motorcycles,Naked,Glacier White,675 cc,2,MILES,"$7,499.00","$7,499.00",No,0,No,INSTOCK,https://www.cyclewisevt.com/dx1inventory/bd014794-0980-411a-a2d9-b412013f25d5
2026,CFMOTO,675NK,0720A,LCEPEVLR9T6000720,New,Motorcycles,Naked,Tundra Grey,675 cc,2,MILES,"$7,499.00","$7,499.00",No,0,No,INSTOCK,https://www.cyclewisevt.com/dx1inventory/6d39e6b8-b8c3-4a86-89e7-b44b015f53cc
2026,CFMOTO,675SS,6043,LCEPEVLP3T6006043,New,Motorcycles,Sport,Nebula Black,675 cc,2,MILES,"$7,624.00","$7,999.00",Yes,$375.00,No,INSTOCK,https://www.cyclewisevt.com/dx1inventory/cb2b672c-a135-49a9-81e2-b412013f259c
2026,CFMOTO,675SS,6114,LCEPEVLP0T6006114,New,Motorcycles,Sport,Nebula Black,675 cc,2,MILES,"$7,624.00","$7,999.00",Yes,$375.00,No,INSTOCK,https://www.cyclewisevt.com/dx1inventory/b5d14729-cfdc-4e33-8d86-b40301415863
2026,CFMOTO,450SS,1228,LCEPESLP3T6001228,New,Motorcycles,Sport,Nebula Black,449 cc,2,MILES,"$5,199.00","$5,699.00",Yes,$500.00,No,INSTOCK,https://www.cyclewisevt.com/dx1inventory/7423755f-ea06-484e-8c47-b403014157ef
2026,CFMOTO,UFORCE U10 Pro,1914,LCELE1ZAXTM001914,New,Utility Vehicles,UForce,Bordeaux Red,998 cc,2,MILES,"$17,499.00","$17,499.00",No,0,No,INSTOCK,https://www.cyclewisevt.com/dx1inventory/67d64913-d876-4dd6-b2b6-b43d0175de56
2026,CFMOTO,UForce 600,1398,LCEPESLP6T6001398,New,Utility Vehicles,UForce,Desert Tan,580 cc,2,MILES,"$10,999.00","$10,999.00",No,0,No,INSTOCK,https://www.cyclewisevt.com/dx1inventory/cea1d5d0-03d8-4c32-92b4-b3b6013ec813
2026,CFMOTO,UForce 800 XL,1192,LCELVYZUXT6001192,New,Utility Vehicles,UForce,Desert Tan,800 cc,2,MILES,"$13,499.00","$13,499.00",No,0,No,INSTOCK,https://www.cyclewisevt.com/dx1inventory/53924881-e08d-4016-90f5-b4260112a359
2026,CFMOTO,UForce 800 XL,2879,LCELVYZU7T6002879,New,Utility Vehicles,UForce,Desert Tan,800 cc,2,MILES,"$13,949.00","$13,499.00",No,0,No,INSTOCK,https://www.cyclewisevt.com/dx1inventory/3b723533-6663-4679-afe9-b42d01650f56
2026,CFMOTO,UForce 1000,0474A,LCELV1Z22TM000474,New,Utility Vehicles,UForce,Nebula Black,963 cc,2,MILES,"$13,999.00","$13,999.00",No,0,No,INSTOCK,https://www.cyclewisevt.com/dx1inventory/b52acc54-3253-4e67-be26-b42b01117951
2026,CFMOTO,UForce 1000,0920,LCELV1Z24T6000920,New,Utility Vehicles,UForce,Nebula Black,963 cc,2,MILES,"$13,999.00","$13,999.00",No,0,No,INSTOCK,https://www.cyclewisevt.com/dx1inventory/797c8032-b08a-49bb-8c08-b3a7014122d0
2026,CFMOTO,UForce 1000,1322,LCELV1Z20T6001322,New,Utility Vehicles,UForce,TrueTimber Kanati,963 cc,2,MILES,"$14,449.00","$14,449.00",No,0,No,INSTOCK,https://www.cyclewisevt.com/dx1inventory/6de62f41-123c-44b5-b8f2-b3b700ff1e47
2026,CFMOTO,UForce 600,2312,LCELDUZ90T6002312,New,Utility Vehicles,UForce,TrueTimber Kanati,580 cc,2,MILES,"$10,999.00","$11,449.00",Yes,$450.00,No,INSTOCK,https://www.cyclewisevt.com/dx1inventory/cea1d5d0-03d8-4c32-92b4-b3b6013ec813
2026,CFMOTO,UForce 1000,0641,lcelv1z20t6000641,New,Utility Vehicles,UForce,Twilight Blue,963 cc,2,MILES,"$13,999.00","$13,999.00",No,0,No,INSTOCK,https://www.cyclewisevt.com/dx1inventory/2b5136de-615a-4230-b427-b38b016e282f
2026,CFMOTO,UForce 1000,1665,LCELV1Z28T6001665,New,Utility Vehicles,UForce,Twilight Blue,963 cc,2,MILES,"$13,999.00","$13,999.00",No,0,No,INSTOCK,https://www.cyclewisevt.com/dx1inventory/162e5910-9f62-4c32-909d-b3a70141221c
2026,CFMOTO,ZForce 950 Sport,0336,LCELV1ZK1TM000336,New,Utility Vehicles,ZForce,Granite Ridge,963 cc,2,MILES,"$15,999.00","$15,999.00",No,0,No,INSTOCK,https://www.cyclewisevt.com/dx1inventory/7804eb8e-4116-4b76-b64e-b42d01651935
2026,CFMOTO,ZForce 800 Trail,0197,LCELVYZP1T6000197,New,Utility Vehicles,ZForce,Magma Red,800 cc,2,MILES,"$13,999.00","$13,999.00",No,0,No,INSTOCK,https://www.cyclewisevt.com/dx1inventory/1d67f832-8c43-4584-a7a0-b39901722663
2026,CFMOTO,ZForce 950 Trail,0119,LCELV1ZH9TM000119,New,Utility Vehicles,ZForce,Nebula Black,963 cc,2,MILES,"$14,999.00","$14,999.00",No,0,No,INSTOCK,https://www.cyclewisevt.com/dx1inventory/14999-placeholder
2025,CFMOTO,300NK,1258,LCEPDPL19S6001258,New,Motorcycles,Naked,Magma Red,292 cc,2,MILES,"$3,599.00","$4,199.00",Yes,$600.00,No,INSTOCK,https://www.cyclewisevt.com/dx1inventory/94418ff2-f45a-4697-8afa-b2a4012ac916
2025,CFMOTO,UFORCE U10 XL Pro,1640,LCELE1ZG0S6001640,New,Utility Vehicles,UForce-Series,Nebula Black,998 cc,2,MILES,"$23,902.00","$18,999.00",No,0,No,INSTOCK,https://www.cyclewisevt.com/dx1inventory/a8743769-0945-45ba-b764-b28b016d650e
0,CFMOTO,i45E Electric Start Inverter Generator,091T,145E-D2E0091T,New,Generators,Generators,Grey,,0,MILES,"$1,499.99","$1,599.99",Yes,$100.00,No,INSTOCK,https://www.cyclewisevt.com/dx1inventory/4dd7da64-7435-42d9-9e61-b15600ff4609
0,CFMOTO,i45E Electric Start Inverter Generator,138T,145E-D2E0138T,New,Generators,Generators,Grey,,0,MILES,"$1,499.99","$1,599.99",Yes,$100.00,No,INSTOCK,https://www.cyclewisevt.com/dx1inventory/1bf3dc44-949f-4b42-831e-b15600ff5461
2026,Ducati,DesertX,2437,ZDMXANDT6TB012437,New,Motorcycles,DesertX,Star White Silk,937 cc,2,MILES,"$18,995.00","$18,995.00",No,0,No,INSTOCK,https://www.cyclewisevt.com/dx1inventory/ducati-desertx-2437
2026,Ducati,DesertX,2364,ZDMXANDT5TB012364,New,Motorcycles,DesertX,Star White Silk,937 cc,2,MILES,"$18,995.00","$18,995.00",No,0,No,INSTOCK,https://www.cyclewisevt.com/dx1inventory/1dd1c253-9d2b-4892-8b70-b42b013fe822
2026,Ducati,Desmo450 MX,0548,ZDMRDWCK1TB000548,New,Motorcycles,Desmo450-MX,Ducati Red,449.6 cc,0,MILES,"$11,495.00","$11,495.00",No,0,No,INSTOCK,https://www.cyclewisevt.com/dx1inventory/dc9f8021-f56d-4f79-a687-b36a01704d3f
2026,Ducati,Desmo450 MX,2740,ZDMRDWCK3TB002740,New,Motorcycles,Desmo450-MX,Ducati Red,449.6 cc,2,MILES,"$13,995.00","$11,495.00",No,0,No,INSTOCK,https://www.cyclewisevt.com/dx1inventory/4b1d6861-aa2f-4263-b1bb-b4100145fccb
2026,Ducati,Desmo450 EDX,1969,ZDMRFWCK5TB001969,New,Motorcycles,Desmo450-MX,Ducati Red,449.6 cc (27.4 ci),2,MILES,"$12,495.00","$12,495.00",No,0,No,INSTOCK,https://www.cyclewisevt.com/dx1inventory/064df1ee-7f45-452e-bcc9-b4030141588f
2026,Ducati,Diavel V4,6284,ZDMGAR1W2TB006284,New,Motorcycles,Diavel,Black Roadster Livery,"1,158 cc (71 ci)",2,MILES,"$28,995.00","$28,995.00",No,0,No,INSTOCK,https://www.cyclewisevt.com/dx1inventory/ducati-diavel-6284
2026,Ducati,Diavel V4,6332,ZDMGAR1W9TB006332,New,Motorcycles,Diavel,Ducati Red,"1,158 cc (71 ci)",2,MILES,"$27,995.00","$27,995.00",No,0,No,INSTOCK,https://www.cyclewisevt.com/dx1inventory/903d202e-75cc-4773-8d85-b43e010aadcf
2026,Ducati,Hypermotard 698 Mono,4736,ZDMBAS2N2TB004736,New,Motorcycles,Hypermotard,Ducati Red,659 cc,2,MILES,"$13,995.00","$13,995.00",No,0,No,INSTOCK,https://www.cyclewisevt.com/dx1inventory/d804e858-23ef-4287-a273-b3a9016dc637
2026,Ducati,Hypermotard 698 Mono RVE,4920,ZDMBAS2N6TB004920,New,Motorcycles,Hypermotard,Graffiti,659 cc,2,MILES,"$15,495.00","$15,495.00",No,0,No,INSTOCK,https://www.cyclewisevt.com/dx1inventory/c643d046-fe25-41cc-aadf-b443010ad5e9
2026,Ducati,Monster +,0838,ZDMMAMDT7TB010838,New,Motorcycles,Monster,Aviator Grey,890 cc (54.3 ci),2,MILES,"$13,795.00","$13,795.00",No,0,No,INSTOCK,https://www.cyclewisevt.com/dx1inventory/80cf60e0-2334-4e02-8c01-b3a001413340
2026,Ducati,Monster SP,0925,ZDMMAMDT2TB010925,New,Motorcycles,Monster,Dark Stealth,937 cc (57 ci),2,MILES,"$16,595.00","$16,595.00",No,0,No,INSTOCK,https://www.cyclewisevt.com/dx1inventory/ducati-monster-sp-0925
2026,Ducati,Monster +,0941,ZDMMAMDT0TB010941,New,Motorcycles,Monster,Ducati Red,890 cc (54.3 ci),2,MILES,"$13,995.00","$13,995.00",No,0,No,INSTOCK,https://www.cyclewisevt.com/dx1inventory/636ac670-3e44-4530-a739-b3c7007a4cfc
2026,Ducati,Monster +,1079,ZDMMAU8T7TB001079,New,Motorcycles,Monster,Iceberg White,890 cc (54.3 ci),2,MILES,"$14,195.00","$14,195.00",No,0,No,INSTOCK,https://www.cyclewisevt.com/dx1inventory/0fe6f037-10eb-47fa-8da8-b42c0142db4f
2026,Ducati,Multistrada V4 S Travel & Radar,7553,ZDMAAL7W5TB007553,New,Motorcycles,Multistrada,Ducati Red,"1,158 cc (71 ci)",2,MILES,"$29,995.00","$29,995.00",No,0,No,INSTOCK,https://www.cyclewisevt.com/dx1inventory/7ea86bc5-6538-4bb1-afb4-b3a00170d13e
2026,Ducati,Multistrada V2,0394,ZDMAAU9T5TT000394,New,Motorcycles,Multistrada,Ducati Red,890 cc,2,MILES,"$20,495.00","$16,995.00",No,0,No,INSTOCK,https://www.cyclewisevt.com/dx1inventory/53abfca3-34d2-4f19-bf5e-b443010ad503
2026,Ducati,Panigale V2,1140,ZDMHAU8T1TT001140,New,Motorcycles,Panigale,Ducati Red,890 cc,2,MILES,"$16,995.00","$16,995.00",No,0,No,INSTOCK,https://www.cyclewisevt.com/dx1inventory/ducati-panigale-v2-1140
2026,Ducati,Panigale V2,1118,ZDMHAU8T8TT001118,New,Motorcycles,Panigale,Ducati Red,890 cc,2,MILES,"$20,495.00","$16,995.00",No,0,No,INSTOCK,https://www.cyclewisevt.com/dx1inventory/64e758f4-e86a-4cd4-8741-b444010f9eb7
2026,Ducati,Panigale V2 S,4114,ZDMHAU8T7TB004114,New,Motorcycles,Panigale,Ducati Red,890 cc,2,MILES,"$19,995.00","$19,995.00",No,0,No,INSTOCK,https://www.cyclewisevt.com/dx1inventory/354a0110-591e-4eb4-b453-b371016ff96e
2026,Ducati,Scrambler Icon Dark,3529,ML0KAT3M1TT003529,New,Motorcycles,Scrambler-Ducati,Matte Black,803 cc,2,MILES,"$10,295.00","$10,295.00",No,0,No,INSTOCK,https://www.cyclewisevt.com/dx1inventory/f32e4b5b-c131-47b3-829b-b443010ad5b4
2026,Ducati,Streetfighter V4 S,2498,ZDMFAK6W7TB002498,New,Motorcycles,Streetfighter,Ducati Red,"1,103 cc",2,MILES,"$30,995.00","$30,995.00",No,0,No,INSTOCK,https://www.cyclewisevt.com/dx1inventory/948415f2-9799-4539-b2f7-b3cc0172279a
2026,Ducati,Streetfighter V2,2219,ZDMFAU8T1TB002219,New,Motorcycles,Streetfighter,Ducati Red,890 cc,2,MILES,"$15,995.00","$15,995.00",No,0,No,INSTOCK,https://www.cyclewisevt.com/dx1inventory/ducati-streetfighter-v2-2219
2026,Ducati,XDiavel V4,2354,ZDMGAV1W9TB002354,New,Motorcycles,XDiavel,Burning Red,"1,158 cc (71 ci)",2,MILES,"$28,995.00","$28,995.00",No,0,No,INSTOCK,https://www.cyclewisevt.com/dx1inventory/ed5e6d87-83ed-4436-a422-b37e0140c865
2025,Ducati,Multistrada V4 Rally Adventure Travel & Radar,2426,ZDMAAL4W3SB022426,New,Motorcycles,Multistrada,Brushed Aluminum / Matte Black,"1,158 cc (71 ci)",2,MILES,"$31,095.00","$31,095.00",No,0,No,INSTOCK,https://www.cyclewisevt.com/dx1inventory/71ba98b1-e052-442e-a21d-b2b9012366de
2025,Ducati,Multistrada V4 RS,2602,ZDMAAL5W9SB002602,New,Motorcycles,Multistrada,Iceberg White,"1,103 cc (67 ci)",2,MILES,"$37,995.00","$37,995.00",No,0,No,INSTOCK,https://www.cyclewisevt.com/dx1inventory/dd8ddb5e-5ec9-4039-a688-b2eb0139e02f
2025,Ducati,Scrambler Icon,2341,ML0KAT3M2ST002341,New,Motorcycles,Scrambler-Ducati,Ducati Red,803 cc,2,MILES,"$11,195.00","$11,195.00",No,0,No,INSTOCK,https://www.cyclewisevt.com/dx1inventory/9b2a182a-fbbe-4db5-88bb-b39201710b52
2025,Ducati,Scrambler Full Throttle,3000,ML0KAT3M3ST003000,New,Motorcycles,Scrambler-Ducati,Ducati Red,803 cc,2,MILES,"$12,695.00","$12,695.00",No,0,No,INSTOCK,https://www.cyclewisevt.com/dx1inventory/ducati-scrambler-ft-3000
2025,Ducati,Scrambler Nightshift,2439A,ML0KAT3M8ST002439,Used,Motorcycles,Scrambler-Ducati,Nebula Blue,803 cc,479,MILES,"$9,995.00","$10,435.00",Yes,$440.00,No,INSTOCK,https://www.cyclewisevt.com/dx1inventory/a4da7797-053f-4bd2-b635-b44f01719cb0
2025,Ducati,Streetfighter V2 S,0926,ZDMFAU8T7SB000926,New,Motorcycles,Streetfighter,Ducati Red,890 cc,2,MILES,"$17,995.00","$17,995.00",No,0,No,INSTOCK,https://www.cyclewisevt.com/dx1inventory/2a363d1d-4868-49ab-baae-b301016f7966
2025,Ducati,XDiavel V4,1767A,ZDMGAV1W7TB001767,New,Motorcycles,XDiavel,Black Lava,"71 ci (1,158 cc)",2,MILES,"$28,995.00",0,No,0,No,INSTOCK,https://www.cyclewisevt.com/dx1inventory/0ebb94c6-c550-499c-a77c-b324016d7a0f
2024,Ducati,Scrambler Full Throttle,5692,ZDMKAT3M7RB005692,Used,Motorcycles,Scrambler-Ducati,Rosso GP 19,803 cc,"2,816",MILES,"$9,990.00","$12,195.00",Yes,"$2,205.00",No,INSTOCK,https://www.cyclewisevt.com/dx1inventory/78220978-95bc-42a3-a925-b399013c41e4
2022,Ducati,Scrambler Nightshift,5960,ML0KAFPM1NT005960,Used,Motorcycles,Scrambler-Ducati,New Silver,803 cc,"9,848",MILES,"$7,495.00","$10,995.00",Yes,"$3,500.00",No,INSTOCK,https://www.cyclewisevt.com/dx1inventory/ducati-scrambler-ns-5960
2022,Ducati,Scrambler Urban Motard,6207,ML0KAFPM7NT006207,Used,Motorcycles,Scrambler-Ducati,Star White Silk / Ducati GP 19 Red,803 cc,"3,366",MILES,"$8,795.00","$9,995.00",Yes,"$1,200.00",No,INSTOCK,https://www.cyclewisevt.com/dx1inventory/45a3840d-e6b2-4767-9f1a-aee701395e39
2020,Ducati,Scrambler 1100,1027,ML0KAFCP6LT001027,Used,Motorcycles,Scrambler-Ducati,62 Yellow,"1,079 cc","3,163",MILES,"$7,995.00","$12,995.00",Yes,"$5,000.00",No,INSTOCK,https://www.cyclewisevt.com/dx1inventory/6e53a933-d31c-48c8-b2dd-b333010edc55
2018,Ducati,Scrambler 1100 Special,2205A,ZDMKAFCPXJB002205,Used,Motorcycles,Scrambler-Ducati,Custom Grey,"1,079 cc","21,277",MILES,"$7,795.00","$8,995.00",Yes,"$1,200.00",No,INSTOCK,https://www.cyclewisevt.com/dx1inventory/9bd74d41-59c5-4cdb-bb64-b222015ca9bb
2018,Ducati,XDiavel S,9144A,ZDM13BKW8JB009144,Used,Motorcycles,XDiavel,Iceberg White,"1,262 cc","5,294",MILES,0,"$24,295.00",No,0,No,INSTOCK,https://www.cyclewisevt.com/dx1inventory/639cdbba-37c3-4677-b95a-b43c010fddfb
2023,Harley-Davidson,Freewheeler,9118,1HD1MCP11PB859118,Used,Motorcycles,Trike,White Sand Pearl,"1,868 cc (114 cu. in.)","2,777",MILES,"$23,995.00","$30,749.00",Yes,"$6,754.00",No,INSTOCK,https://www.cyclewisevt.com/dx1inventory/21247c9e-e2d8-4a1b-b805-b41800825e33
2014,Harley-Davidson,Electra Glide Ultra Classic,5763A,1HD1FCM13EB675763,Used,Motorcycles,Touring,Blackened Cayenne Sunglo,103.1 ci (1690 cc),"25,797",MILES,"$11,999.00","$23,839.00",Yes,"$11,840.00",No,INSTOCK,https://www.cyclewisevt.com/dx1inventory/32caaafa-6eff-45af-a593-b42d01650574
2020,Honda,Talon 1000R,0435,1HFVE054XL4100435,Used,Utility Vehicles,SxS:-Sport,Pearl Red,999 cc,"1,764",MILES,"$13,495.00","$20,999.00",Yes,"$7,504.00",No,INSTOCK,https://www.cyclewisevt.com/dx1inventory/5d528ee2-b253-4bd7-91cc-b3d10144b71e
2007,Honda,Rebel,5037,JH2MC13017K305037,Used,Motorcycles,Cruiser,Candy Dark Red,234 cc,"3,452",MILES,0,"$3,199.00",No,0,No,INSTOCK,https://www.cyclewisevt.com/dx1inventory/f4555ca3-689b-4cff-be8f-b451007daaf7
2026,Indian Motorcycle,Challenger Dark Horse 112 with PowerBand Audio Package,4519,56KLCXSS0T3444519,New,Motorcycles,Bagger,Black Smoke,"112 ci (1,834 cc)",2,MILES,"$33,499.00","$33,499.00",No,0,No,INSTOCK,https://www.cyclewisevt.com/dx1inventory/d12d87c1-445f-48f2-83e7-b43d0175de38
2026,Indian Motorcycle,Springfield Dark Horse,5000,56KLCXSS0T3445000,New,Motorcycles,Bagger,Black Smoke,"112 ci (1,834 cc)",2,MILES,"$25,499.00","$25,499.00",No,0,No,INSTOCK,https://www.cyclewisevt.com/dx1inventory/indian-springfield-5000
2026,Indian Motorcycle,Scout Bobber 125th Anniversary Edition,8587,56KSBF771T3028587,New,Motorcycles,Scout,Maroon,,2,MILES,"$17,499.00","$17,499.00",No,0,No,INSTOCK,https://www.cyclewisevt.com/dx1inventory/c5cc6c00-8349-4284-b4e7-b44b01620297
2026,Indian Motorcycle,Pursuit Dark Horse,4390,56KLDRRR4T3444390,New,Motorcycles,Touring,Maroon Metallic,"1,768 cc (108 ci)",2,MILES,"$34,749.00","$34,749.00",No,0,No,INSTOCK,https://www.cyclewisevt.com/dx1inventory/03d29c4b-b586-45b3-86f1-b431007d02c2
2025,Indian Motorcycle,Challenger Dark Horse with PowerBand Audio Package,6274,56KLCDRR0S3436274,New,Motorcycles,Bagger,Frost Silver Smoke,"1,768 cc (108 ci)",2,MILES,"$27,499.00","$30,499.00",Yes,"$3,000.00",No,INSTOCK,https://www.cyclewisevt.com/dx1inventory/e6aab475-1c2e-467d-8a4e-b2bc015fb419
2025,Indian Motorcycle,Sport Chief,9577,56KDSDBH3S3019577,New,Motorcycles,Cruiser,Black Smoke,"1,890 cc (116 ci)",2,MILES,"$17,999.00","$19,999.00",Yes,"$2,000.00",No,INSTOCK,https://www.cyclewisevt.com/dx1inventory/c0572081-1996-4fbf-826f-b28b010ac0e3
2025,Indian Motorcycle,Chief Dark Horse,9790,56KDMDBH0S3019790,New,Motorcycles,Cruiser,Blue Dusk,"1,890 cc (116 ci)",2,MILES,"$16,999.00","$18,999.00",Yes,"$2,000.00",No,INSTOCK,https://www.cyclewisevt.com/dx1inventory/204f5860-ed13-438b-a67e-b295017022bb
2025,Indian Motorcycle,Scout Sixty Classic Limited,3976A,56KSCC61XS3023976,New,Motorcycles,Cruiser,Frost Silver,999 cc (60 ci),2,MILES,"$11,699.00","$13,199.00",Yes,"$1,500.00",No,INSTOCK,https://www.cyclewisevt.com/dx1inventory/52f12490-61fc-4e52-808d-b31c010cc413
2025,Indian Motorcycle,101 Scout,6844,56KSSE776S3026844,New,Motorcycles,Cruiser,Ghost White Metallic with Graphics,"1,250 cc",2,MILES,"$15,995.00","$16,999.00",Yes,"$1,004.00",No,INSTOCK,https://www.cyclewisevt.com/dx1inventory/5ba050a6-8750-4df6-b4cf-b37d010b261a
2025,Indian Motorcycle,Chief Bobber Dark Horse,9090,56KDLDBH1S3019090,New,Motorcycles,Cruiser,Maroon Metallic,"1,890 cc (116 ci)",2,MILES,"$18,499.00","$20,499.00",Yes,"$2,000.00",No,INSTOCK,https://www.cyclewisevt.com/dx1inventory/cbfc3dd4-1432-4753-92b9-b37d010b2645
2025,Indian Motorcycle,Scout Bobber Limited,5694,56KSBC763S3025694,New,Motorcycles,Cruiser,Sunset Red Smoke,"1,250 cc",2,MILES,"$13,199.00","$14,199.00",Yes,"$1,000.00",No,INSTOCK,https://www.cyclewisevt.com/dx1inventory/390212cb-5c6f-4f9e-88c9-b330013e41b2
2025,Indian Motorcycle,Roadmaster PowerPlus Dark Horse with 112 and PowerBand Audio Package,4951,56KLGDSS4S3434951,New,Motorcycles,PowerPlus,Nara Bronze Smoke,"1,834 cc (112 ci)",2,MILES,"$35,749.00","$38,749.00",Yes,"$3,000.00",No,INSTOCK,https://www.cyclewisevt.com/dx1inventory/3b24840e-fb26-4577-bc14-b29301153d39
2025,Indian Motorcycle,Chieftain PowerPlus Dark Horse with 112 and PowerBand Audio Package,8699,56KLFDSS3S3438699,New,Motorcycles,PowerPlus,Sunset Red Smoke,"1,834 cc (112 ci)",2,MILES,"$31,499.00","$33,749.00",Yes,"$2,250.00",No,INSTOCK,https://www.cyclewisevt.com/dx1inventory/cbee0b5f-640e-4dcd-a2dd-b35b007a0403
2024,Kawasaki,KLR 650,9461,ML5KLEG15RDA29461,Used,Motorcycles,KLR---Dual-Sport,Firecracker Red / Metallic Carbon Gray,652 cc,"1,419",MILES,0,"$6,899.00",No,0,No,INSTOCK,https://www.cyclewisevt.com/dx1inventory/kawasaki-klr650-9461
2001,Kawasaki,Concourse,4989,JKAZGCA101B514989,Used,Motorcycles,Touring,Metallic Sonic Blue,997cc,"45,123",MILES,"$2,995.00","$8,199.00",Yes,"$5,204.00",No,INSTOCK,https://www.cyclewisevt.com/dx1inventory/7269fe85-188e-4f3b-9842-b392013deef4
2026,Kayo,Predator 125 EFI,3542,L6JAGJLA1T1003542,New,ATVs,Sport-ATV,White,124 cc,2,MILES,"$2,085.00","$2,085.00",No,0,No,INSTOCK,https://www.cyclewisevt.com/dx1inventory/b5992fd0-d9c5-45c3-8cb9-b431007d03b9
2026,Kayo,Predator 125 EFI,4098,L6JAGJLA2T1004098,New,ATVs,Sport-ATV,White,124 cc,2,MILES,"$2,085.00","$2,085.00",No,0,No,INSTOCK,https://www.cyclewisevt.com/dx1inventory/2a6ae668-b43c-401e-be38-b431007d0502
2026,Kayo,Predator 125 EFI,3306,L6JAGJLA0T1003306,New,ATVs,Sport-ATV,White,124 cc,2,MILES,"$2,085.00","$2,085.00",No,0,No,INSTOCK,https://www.cyclewisevt.com/dx1inventory/2265ab20-f62c-4ec2-9cd9-b431007d0448
2026,Kayo,KMB 60,1308,L6JYGCLC0T1001308,New,Motorcycles,PitBike,White,56.8 cc,2,MILES,"$1,099.00","$1,099.00",No,0,No,INSTOCK,https://www.cyclewisevt.com/dx1inventory/d27434f0-32a0-4697-a02f-b45101786d9f
2026,Kayo,TD 125,0756,L6JYGJLC5T1000756,New,Motorcycles,PitBike,White,120 cc,2,MILES,"$1,699.00","$1,699.00",No,0,No,INSTOCK,https://www.cyclewisevt.com/dx1inventory/a69997b6-2b1b-4a32-9650-b431007d048f
2026,Kayo,KMB 60,1315,L6JYGCLC8T1001315,New,Motorcycles,PitBike,White,56.8 cc,2,MILES,"$1,099.00","$1,099.00",No,0,No,INSTOCK,https://www.cyclewisevt.com/dx1inventory/62d59341-de1f-484e-9747-b45101786d73
2026,Kayo,TT 125,0569,L6JYGJLA8T1000569,New,Motorcycles,PitBike,White,120 cc,2,MILES,"$2,089.00","$1,979.00",No,0,No,INSTOCK,https://www.cyclewisevt.com/dx1inventory/44dcd866-919f-4b3e-aa8d-b43e01414881
2026,Kayo,TS 90,1863,L6JYGFLC4T1001863,New,Motorcycles,PitBike,White,86 cc,2,MILES,"$1,319.00","$1,319.00",No,0,No,INSTOCK,https://www.cyclewisevt.com/dx1inventory/2473936c-dc0d-4480-a8e0-b431007d0432
2026,Kayo,TD 110 EFI,0787,L6JYGHLA6T1000787,New,Motorcycles,PitBike,White,106 cc,2,MILES,"$1,779.00","$1,779.00",No,0,No,INSTOCK,https://www.cyclewisevt.com/dx1inventory/0612e63a-ba76-4a6d-bbb7-b45101786c63
2025,Kayo,K2 Pro,0550A,L6JYCNLC5S1000550,Used,Motorcycles,DirtBike,White,249 cc,0,MILES,"$2,495.00","$5,299.00",Yes,"$2,804.00",No,INSTOCK,https://www.cyclewisevt.com/dx1inventory/bbe065b0-9cd9-45d3-a166-b3d101445ccf
2025,Kayo,K2 Pro,0858,L6JYCNLC0S1000858,New,Motorcycles,DirtBike,White,249 cc,2,MILES,"$2,819.00","$2,969.00",Yes,$150.00,No,INSTOCK,https://www.cyclewisevt.com/dx1inventory/64ce74a9-c542-42f5-bc28-b35b007a03ea
2024,Kayo,eKMB,1470,L6JYAATA2R1001470,New,Motorcycles,Electric-Model,Orange,,0,MILES,$899.00,"$1,049.00",Yes,$150.00,No,INSTOCK,https://www.cyclewisevt.com/dx1inventory/51d9a2f7-2ed3-46f2-a4ce-b37000fb3649
2025,Oset Electric Bikes,TXP-24,,,New,Electric Bicycles,E-Bikes,RED,,0,MILES,"$3,695.00","$3,695.00",No,0,No,INSTOCK,https://www.cyclewisevt.com/dx1inventory/c523a253-b13c-4fd1-a32c-b227015c46c9
2025,Oset Electric Bikes,12.5R,,,New,Electric Bicycles,E-Bikes,RED,,0,MILES,"$1,295.00",0,No,0,No,INSTOCK,https://www.cyclewisevt.com/dx1inventory/bc753d65-127f-4a0e-8a0c-b2270163ce41
2025,Oset Electric Bikes,TXP-20,TXP-20,,New,Electric Bicycles,E-Bikes,RED,,0,HRs,"$3,295.00","$3,295.00",No,0,No,INSTOCK,https://www.cyclewisevt.com/dx1inventory/55356526-c1ec-4dae-a4fc-b22701589a5c
2025,Oset Electric Bikes,16.0R,,,New,Electric Bicycles,E-Bikes,,,0,MILES,"$1,795.00","$1,795.00",No,0,No,INSTOCK,https://www.cyclewisevt.com/dx1inventory/55e4f871-a6db-4ca4-a46f-b227015d1fd7
2024,Oset Electric Bikes,TXP-20,8103,OSETT20T47RBS8103,New,Motorcycles,Bikes,,,2,MILES,"$3,295.00","$3,295.00",No,0,No,INSTOCK,https://www.cyclewisevt.com/dx1inventory/deba81b2-a76b-4752-bcb8-b2bd0076c620
2023,Oset Electric Bikes,12.5R,0137,12TR202222B0137,New,Motorcycles,Bikes,,,2,MILES,"$1,295.00","$1,295.00",No,0,No,INSTOCK,https://www.cyclewisevt.com/dx1inventory/da0359d4-8f1c-4c19-b033-b2bd0076c60b
2022,Stacyc,16 Edrive,16 EDRIVE,,New,Electric Bicycles,Ebike,Black,,0,MILES,$949.00,"$1,049.00",Yes,$100.00,No,INSTOCK,https://www.cyclewisevt.com/dx1inventory/35a1a35e-5f23-44d8-8e72-aec200f14e5e
2022,Stacyc,12eDrive,,,New,Play Bikes,Ebike,black,,0,MILES,$749.00,$799.00,Yes,$50.00,No,INSTOCK,https://www.cyclewisevt.com/dx1inventory/eb09ab6e-94a4-48f4-9f12-b2350119c04b
2026,Suzuki,KingQuad 500AXi,0207,5SADW21A3T7100207,New,ATVs,Utility-Sport-500,Flame Red,493 cc (30.1 ci),2,MILES,"$6,979.00","$8,379.00",Yes,"$1,400.00",No,INSTOCK,https://www.cyclewisevt.com/dx1inventory/813750fe-ac2a-45d9-841a-b3d1010d7af6
2026,Suzuki,KingQuad 750AXi,0454,5SADW11A6T7100454,New,ATVs,Utility-Sport-750,Terra Green,722 cc (44.1 ci),2,MILES,"$8,529.00","$10,029.00",Yes,"$1,500.00",No,INSTOCK,https://www.cyclewisevt.com/dx1inventory/6c49d858-ea7d-4650-96fb-b3d1013cf22f
2026,Suzuki,DR-Z4S,0500,JS1ER11E1T7100500,New,Motorcycles,Dual-Sport,Champion Yellow No. 2 / Solid Special White No. 2,398 cc,2,MILES,"$8,999.00","$8,999.00",No,0,No,INSTOCK,https://www.cyclewisevt.com/dx1inventory/47425a5e-d827-4e20-8aad-b43a016d4126
2026,Suzuki,GSX-8TT,0390,JS1EM16B2T7100390,New,Motorcycles,Street,Pearl Matte Shadow Green,776 cc,2,MILES,"$11,149.00","$11,149.00",No,0,No,INSTOCK,https://www.cyclewisevt.com/dx1inventory/suzuki-gsx8tt-0390
2025,Suzuki,KingQuad 400ASi,0464,5SAAK4D34S7100464,New,ATVs,Utility-Sport-400,Terra Green,376 cc (22.94 ci),2,MILES,"$5,999.00","$6,999.00",Yes,"$1,000.00",No,INSTOCK,https://www.cyclewisevt.com/dx1inventory/2968babc-caf0-4bd4-b748-b3d1010d7a80
2025,Suzuki,V-Strom 650,0371,JS1C733B2S7100371,New,Motorcycles,Adventure,Glass Sparkle Black,645 cc,2,MILES,"$7,999.00","$9,299.00",Yes,"$1,300.00",No,INSTOCK,https://www.cyclewisevt.com/dx1inventory/b86cc947-8a66-454c-94b6-b203013bfb03
2025,Suzuki,DR-Z4SM,1189,JS1ER12E3S7101189,New,Motorcycles,Supermoto,Solid Special White No. 2,398 cc,2,MILES,"$7,599.00","$8,999.00",Yes,"$1,400.00",No,INSTOCK,https://www.cyclewisevt.com/dx1inventory/e7f3c2b0-2084-46d4-97fa-b317015a7bef
2018,Suzuki,SV650 ABS,0240,JS1VP55A3J2100240,Used,Motorcycles,Standard,Glass Sparkle Black,645cc,"2,846",MILES,"$5,450.00","$7,049.00",Yes,"$1,599.00",No,INSTOCK,https://www.cyclewisevt.com/dx1inventory/d36b3dbf-ff81-4023-a74e-b44c011492d4
2008,Suzuki,Boulevard M50,1847,JS1VS56A382101847,Used,Motorcycles,Cruiser,Gray / Yellow,50 ci cc,"14,212",MILES,"$2,995.00","$6,999.00",Yes,"$4,004.00",No,INSTOCK,https://www.cyclewisevt.com/dx1inventory/suzuki-blvd-m50-1847
2027,Triumph,Tracker 400,7177,SMTT16766VNA57177,New,Motorcycles,400cc,Aluminum Silver,398 cc,2,MILES,"$6,095.00","$6,095.00",No,0,No,INSTOCK,https://www.cyclewisevt.com/dx1inventory/22b4670a-d051-4a89-a587-b4420172fe9a
2027,Triumph,Speed Twin 1200 Cafe Racer Edition,4689,SMTDD0H23VTCS4689,New,Motorcycles,Speed,Aluminium Silver / Competition Green,"1,200 cc",2,MILES,"$18,895.00","$18,895.00",No,0,No,INSTOCK,https://www.cyclewisevt.com/dx1inventory/1fe8043d-3d19-41b2-8ddc-b42c0142dade
2026,Triumph,Bonneville Speedmaster,0763,SMTDW1H23TTCP0763,New,Motorcycles,Bonneville,Carnival Red / Crystal White,"1,200 cc",2,MILES,"$14,795.00","$14,795.00",No,0,No,INSTOCK,https://www.cyclewisevt.com/dx1inventory/c71d1643-b0be-471f-bfb3-b44b015f7c6b
2026,Triumph,Bonneville Bobber,9855,SMTDX1H21TTCN9855,New,Motorcycles,Bonneville,Interstellar Blue / Sapphire Black,"1,200 cc",2,MILES,"$15,395.00","$15,395.00",No,0,No,INSTOCK,https://www.cyclewisevt.com/dx1inventory/500a1da7-682a-49a1-9fe8-b3d8015e135d
2026,Triumph,Bonneville Bobber,8540,SMTDX1H24TTCN8540,New,Motorcycles,Bonneville,Jet Black,"1,200 cc",2,MILES,"$15,395.00","$15,395.00",No,0,No,INSTOCK,https://www.cyclewisevt.com/dx1inventory/triumph-bon-bobber-8540
2026,Triumph,Bonneville T120 Black,8399,SMTDU0H24TTCP8399,New,Motorcycles,Bonneville,Jet Black,"1,200 cc",2,MILES,"$13,995.00","$13,995.00",No,0,No,INSTOCK,https://www.cyclewisevt.com/dx1inventory/912baf64-5ba1-4c8a-988f-b413011f1870
2026,Triumph,Bonneville T100,8842,SMTDB0G28TTCR8842,New,Motorcycles,Bonneville,Jet Black / Diablo Red,900 cc,2,MILES,"$11,495.00","$12,095.00",Yes,$600.00,No,INSTOCK,https://www.cyclewisevt.com/dx1inventory/a0609c05-4ca9-4c6d-997f-b42d0111f7ed
2026,Triumph,Bonneville T120 Black,2116,SMTDU0H22TTCP2116,New,Motorcycles,Bonneville,Matte Silver Ice / Matte Sapphire Black,"1,200 cc",2,MILES,"$14,595.00","$14,595.00",No,0,No,INSTOCK,https://www.cyclewisevt.com/dx1inventory/e475119b-df1f-4c26-9c0b-b413011f4beb
2026,Triumph,Bonneville Speedmaster,0607,SMTDW1H20TTCP0607,New,Motorcycles,Bonneville,Sapphire Black / Crystal White,"1,200 cc",2,MILES,"$14,795.00","$14,795.00",No,0,No,INSTOCK,https://www.cyclewisevt.com/dx1inventory/8c51ca1f-44ba-4dbd-9921-b413011f224c
2026,Triumph,Bonneville T100,4520,SMTDB0G2XTTCR4520,New,Motorcycles,Bonneville,Silver / Jet Black,900 cc,2,MILES,"$11,495.00","$12,095.00",Yes,$600.00,No,INSTOCK,https://www.cyclewisevt.com/dx1inventory/triumph-t100-4520
2026,Triumph,Bonneville T120,3740,SMTDU0H27TTCR3740,New,Motorcycles,Bonneville,Stone Grey,"1,200 cc",2,MILES,"$13,995.00","$13,995.00",No,0,No,INSTOCK,https://www.cyclewisevt.com/dx1inventory/5bbad968-2419-46e5-a930-b44b015f68f7
2026,Triumph,Daytona 660,8134,SMTL23UF7TTCP8134,New,Motorcycles,Daytona,Aluminum Silver / Sapphire Black,660 cc,2,MILES,"$9,545.00","$9,545.00",No,0,No,INSTOCK,https://www.cyclewisevt.com/dx1inventory/e85fa1aa-9b29-4c7b-a2ee-b413011f53b6
2026,Triumph,Daytona 660,0113,SMTL23UF3TTCP0113,New,Motorcycles,Daytona,Aluminum Silver / Sapphire Black,660 cc,2,MILES,"$9,545.00","$9,545.00",No,0,No,INSTOCK,https://www.cyclewisevt.com/dx1inventory/7c8e8bac-6fdd-456b-9292-b413011f4434
2026,Triumph,Daytona 660,4149,SMTL23UF3TTCS4149,New,Motorcycles,Daytona,Cosmic Yellow / Sapphire Black,660 cc,2,MILES,"$9,545.00","$9,545.00",No,0,No,INSTOCK,https://www.cyclewisevt.com/dx1inventory/e70f53e1-ed02-4e62-acb6-b42b013fe7ac
2026,Triumph,Trident 800,4705,SMTL24P45TTCR4705,New,Motorcycles,Editions,Jet Black,798 cc,2,MILES,"$9,995.00","$9,995.00",No,0,No,INSTOCK,https://www.cyclewisevt.com/dx1inventory/triumph-trident800-4705
2026,Triumph,Trident 660 Triple Tribute Edition,9144,SMTL23UF3TTCN9144,New,Motorcycles,Editions,Sapphire Black / Cobalt Blue,660 cc,2,MILES,"$9,320.00","$8,995.00",No,0,No,INSTOCK,https://www.cyclewisevt.com/dx1inventory/b8638659-0217-46b0-9c5d-b40f017630a3
2026,Triumph,TF 450-E,4572,SMTK14Z34TTCJ4572,New,Motorcycles,Motocross,Triumph Racing Yellow / Black / White,449.9 cc,2,MILES,"$11,095.00","$11,095.00",No,0,No,INSTOCK,https://www.cyclewisevt.com/dx1inventory/cfef3057-d78b-46c7-9d45-b2f2010d4e26
2026,Triumph,TF 450-E,4527,SMTK14Z3XTTCJ4527,New,Motorcycles,Motocross,Triumph Racing Yellow / Black / White,449.9 cc,2,MILES,"$11,095.00","$11,095.00",No,0,No,INSTOCK,https://www.cyclewisevt.com/dx1inventory/2ff23b75-710b-47a3-9dd1-b2f2010d4eec
2026,Triumph,TF 450-C,9477,SMTK27Z35TTCL9477,New,Motorcycles,Off-Road,Jet Black / Pure White,449.5 cc,2,MILES,"$10,995.00","$10,995.00",No,0,No,INSTOCK,https://www.cyclewisevt.com/dx1inventory/dccced3d-e920-44af-8739-b3720140c1a6
2026,Triumph,TF 250-X,6433,SMTK20Y37TTCK6433,New,Motorcycles,Off-Road,Jet Black / Pure White,249.95 cc,2,MILES,"$9,795.00","$9,795.00",No,0,No,INSTOCK,https://www.cyclewisevt.com/dx1inventory/8f622ba4-6f15-4c5f-a817-b3d301729a42
2026,Triumph,TF 250-C,7375,SMTK26Y34TTCL7375,New,Motorcycles,Off-Road,Jet Black / Pure White,249.95 cc,2,MILES,"$9,995.00","$9,995.00",No,0,No,INSTOCK,https://www.cyclewisevt.com/dx1inventory/4e0a370b-7868-448f-93ce-b37601724a4d
2026,Triumph,TF 450-X,9580,SMTK11Z33TTCK9580,New,Motorcycles,Off-Road,Jet Black / Pure White,449.5 cc,2,MILES,"$10,695.00","$10,695.00",No,0,No,INSTOCK,https://www.cyclewisevt.com/dx1inventory/0686f6f1-1d09-47f8-9273-b3e2010f434b
2026,Triumph,Rocket 3 Storm GT,6327,SMTY1BJTXTTCL6327,New,Motorcycles,Rocket-3,Granite / Sapphire Black,"2,458 cc",2,MILES,"$27,495.00","$27,495.00",No,0,No,INSTOCK,https://www.cyclewisevt.com/dx1inventory/b73cdd7b-d3a2-430d-8519-b3b700ff7ceb
2026,Triumph,Rocket 3 Storm R,1702,SMTY2BJT0TTCL1702,New,Motorcycles,Rocket-3,Satin Baja Orange / Matte Sapphire Black,"2,458 cc",2,MILES,"$26,695.00","$26,695.00",No,0,No,INSTOCK,https://www.cyclewisevt.com/dx1inventory/851dbf42-f969-4124-ade0-b38000e214ca
2026,Triumph,Scrambler 400 X,5523,SMTT147Y1TNA45523,New,Motorcycles,Scrambler,Baja Orange / Aluminum Silver,398 cc,2,MILES,"$6,595.00","$6,595.00",No,0,No,INSTOCK,https://www.cyclewisevt.com/dx1inventory/triumph-scram400x-5523
2026,Triumph,Scrambler 1200 XE,2190,SMTDS0HG0TTCN2190,New,Motorcycles,Scrambler,Matte Khaki Green / Matte Crystal White,"1,200 cc",2,MILES,"$17,195.00","$17,195.00",No,0,No,INSTOCK,https://www.cyclewisevt.com/dx1inventory/b5ee56c8-e63a-4785-a170-b3a8013cb557
2026,Triumph,Scrambler 900,6413,SMTDC0G21TTCR6413,New,Motorcycles,Scrambler,Mineral Grey / Cosmic Yellow,900 cc,2,MILES,"$12,995.00","$12,995.00",No,0,No,INSTOCK,https://www.cyclewisevt.com/dx1inventory/3f928615-1af3-4762-9814-b42b013fe80f
2026,Triumph,Scrambler 400 XC,9445,SMTT13764TNA49445,New,Motorcycles,Scrambler,Racing Yellow,398 cc,2,MILES,"$6,995.00","$6,995.00",No,0,No,INSTOCK,https://www.cyclewisevt.com/dx1inventory/f37d0c9c-e348-4af8-b1d0-b3f60172ff3d
2026,Triumph,Scrambler 400 XC,7000,SMTT13760TNA47000,New,Motorcycles,Scrambler,Racing Yellow,398 cc,2,MILES,"$6,995.00","$6,995.00",No,0,No,INSTOCK,https://www.cyclewisevt.com/dx1inventory/8ad3f47a-fd2e-4ec1-abfe-b36a013d0148
2026,Triumph,Scrambler 400 XC,3682,SMTT13765TNA53682,New,Motorcycles,Scrambler,Racing Yellow,398 cc,2,MILES,"$6,995.00","$6,995.00",No,0,No,INSTOCK,https://www.cyclewisevt.com/dx1inventory/triumph-scram400xc-3682
2026,Triumph,Scrambler 400 XC,9237,SMTT13768TNA49237,New,Motorcycles,Scrambler,Racing Yellow,398 cc,2,MILES,"$6,995.00","$6,995.00",No,0,No,INSTOCK,https://www.cyclewisevt.com/dx1inventory/00e63d71-461a-41cc-a8c4-b37e0140c803
2026,Triumph,Scrambler 400 XC,0965,SMTT13762TNA50965,New,Motorcycles,Scrambler,Storm Grey,398 cc,2,MILES,"$6,995.00","$6,995.00",No,0,No,INSTOCK,https://www.cyclewisevt.com/dx1inventory/e331e8f1-eaeb-4477-a24c-b413011f2a5a
2026,Triumph,Scrambler 400 XC,4210,SMTT13762TNA54210,New,Motorcycles,Scrambler,Storm Grey,398 cc,2,MILES,"$6,995.00","$6,995.00",No,0,No,INSTOCK,https://www.cyclewisevt.com/dx1inventory/beadaf4a-7112-4414-b420-b42d016521a2
2026,Triumph,Scrambler 400 XC,9196,SMTT13769TNA49196,New,Motorcycles,Scrambler,Vanilla White,398 cc,2,MILES,"$6,895.00","$6,895.00",No,0,No,INSTOCK,https://www.cyclewisevt.com/dx1inventory/18098493-19ff-4222-ba94-b386010af4eb
2026,Triumph,Trident 660 Triple Tribute Edition,8108,SMTL21U4XTTCJ8108,New,Motorcycles,Special-Editions,Sapphire Black / Cobalt Blue,660 cc,0,MILES,"$8,995.00","$8,995.00",No,0,No,INSTOCK,https://www.cyclewisevt.com/dx1inventory/triumph-trident660-8108
2026,Triumph,Speed Twin 1200,7431,SMTDD0H26TTCM7431,New,Motorcycles,Speed,Carnival Red / Sapphire Black,"1,200 cc",2,MILES,"$15,395.00","$15,395.00",No,0,No,INSTOCK,https://www.cyclewisevt.com/dx1inventory/439554a3-7907-44e3-912a-b44b015f70d0
2026,Triumph,Speed Twin 1200,0256,SMTDD0H21TTCM0256,New,Motorcycles,Speed,Crystal White / Sapphire Black,"1,200 cc",2,MILES,"$15,395.00","$15,395.00",No,0,No,INSTOCK,https://www.cyclewisevt.com/dx1inventory/173d45ae-5428-4c8b-b95a-b3b700ff8933
2026,Triumph,Speed 400,4152,SMTT127Y3TNA44152,New,Motorcycles,Speed,Pearl Metallic White / Phantom Black,398.15 cc,2,MILES,"$5,595.00","$5,595.00",No,0,No,INSTOCK,https://www.cyclewisevt.com/dx1inventory/69b82a2e-5e56-49e3-8311-b40f01412a72
2026,Triumph,Speed 400,4153,SMTT127Y5TNA44153,New,Motorcycles,Speed,Pearl Metallic White / Phantom Black,398.15 cc,2,MILES,"$5,495.00","$5,595.00",Yes,$100.00,No,INSTOCK,https://www.cyclewisevt.com/dx1inventory/0c8cd7fa-2191-4a52-baf8-b3ff00e7f1b5
2026,Triumph,Speed Twin 900,6429,SMTDP0G22TTCM6429,New,Motorcycles,Speed,Phantom Black / Aurum Gold,900 cc,2,MILES,"$11,495.00","$11,495.00",No,0,No,INSTOCK,https://www.cyclewisevt.com/dx1inventory/triumph-speedtwin900-6429
2026,Triumph,Speed Twin 900,7813,SMTDP0G22TTCL7813,New,Motorcycles,Speed,Phantom Black / Aurum Gold,900 cc,2,MILES,"$11,495.00","$11,495.00",No,0,No,INSTOCK,https://www.cyclewisevt.com/dx1inventory/56cff9a6-3769-47e1-ab86-b38d016d5a5a
2026,Triumph,Speed 400,3452,SMTT127YXTNA43452,New,Motorcycles,Speed,Phantom Black / Storm Grey,398.15 cc,2,MILES,"$5,495.00","$5,495.00",No,0,No,INSTOCK,https://www.cyclewisevt.com/dx1inventory/7a10f576-6f32-4ac1-a4d8-b44b015f62cc
2026,Triumph,Speed Twin 900,0333,SMTDP0G28TTCL0333,New,Motorcycles,Speed,Pure White / Maui Blue / Tangerine Orange,900 cc,2,MILES,"$11,495.00","$11,495.00",No,0,No,INSTOCK,https://www.cyclewisevt.com/dx1inventory/570469fe-5fbd-49ab-90bc-b37e016f8924
2026,Triumph,Speed Twin 1200 RS,0430,SMTDD0H22TTCM0430,New,Motorcycles,Speed,Sapphire Black,"1,200 cc",2,MILES,"$17,195.00","$17,195.00",No,0,No,INSTOCK,https://www.cyclewisevt.com/dx1inventory/38b6217b-2a63-4266-af15-b3d8015e37a4
2026,Triumph,Speed Triple 1200 RS,7731,SMTP11S49TTCK7731,New,Motorcycles,Speed-Triple,Granite / Triumph Performance Livery,"1,160 cc",2,MILES,"$19,995.00","$19,995.00",No,0,No,INSTOCK,https://www.cyclewisevt.com/dx1inventory/triumph-speedtriple1200-7731
2026,Triumph,Street Triple 765 RS,0895,SMTA614K0TTCS0895,New,Motorcycles,Street-Triple,Cosmic Yellow,765 cc,2,MILES,"$13,845.00","$13,845.00",No,0,No,INSTOCK,https://www.cyclewisevt.com/dx1inventory/41d9e358-876f-4c8e-a5f9-b43e0141476f
2026,Triumph,Street Triple 765 RX,9365,SMTA62442TTCN9365,New,Motorcycles,Street-Triple,Matte Aluminum,46.68 ci (765 cc),2,MILES,"$14,495.00","$14,495.00",No,0,No,INSTOCK,https://www.cyclewisevt.com/dx1inventory/c46b4fa7-95f2-4099-bfc5-b43d0175dd9d
2026,Triumph,Street Triple 765 Moto2 Edition,6805,SMTA62444TTCS6805,New,Motorcycles,Street-Triple,Mineral grey / Crystal white,46.68 ci (765 cc),2,MILES,"$16,495.00","$16,495.00",No,0,No,INSTOCK,https://www.cyclewisevt.com/dx1inventory/ad217574-88ef-409b-859c-b43e01414712
2026,Triumph,Street Triple 765 RS,1996,SMTA614K1TTCM1996,New,Motorcycles,Street-Triple,Phantom Black,765 cc,2,MILES,"$13,845.00","$13,845.00",No,0,No,INSTOCK,https://www.cyclewisevt.com/dx1inventory/0691cbe0-1be0-40d5-989a-b3d80174e644
2026,Triumph,Tiger 1200 Desert Edition,3881,SMTP20V40TTCN3881,New,Motorcycles,Tiger,Desert Sand,"1,160 cc",2,MILES,"$22,995.00","$22,995.00",No,0,No,INSTOCK,https://www.cyclewisevt.com/dx1inventory/triumph-tiger1200-3881
2026,Triumph,Tiger 900 Alpine Edition,6662,SMTC82DEXTTCN6662,New,Motorcycles,Tiger,Snowdonia White,54.2 ci (888 cc),2,MILES,"$17,495.00","$17,495.00",No,0,No,INSTOCK,https://www.cyclewisevt.com/dx1inventory/6710b215-1866-4646-8c01-b40f01763090
2026,Triumph,Tiger 900 Desert Edition,9155,SMTC83DE0TTCN9155,New,Motorcycles,Tiger,Urban Grey,54.2 ci (888 cc),2,MILES,"$17,995.00","$17,995.00",No,0,No,INSTOCK,https://www.cyclewisevt.com/dx1inventory/6dc61ddf-39ca-4590-9037-b442014189af
2026,Triumph,Tiger 900 Desert Edition,5252,SMTC83DE0TTCN5252,New,Motorcycles,Tiger,Urban Grey,54.2 ci (888 cc),2,MILES,"$17,995.00","$17,995.00",No,0,No,INSTOCK,https://www.cyclewisevt.com/dx1inventory/4f0501e6-46cb-4550-93df-b3d20171ce7a
2026,Triumph,Tiger Sport 800,1006,SMTL25P11TTCN1006,New,Motorcycles,Tiger-Sport,Cosmic Yellow / Sapphire Black,798 cc,2,MILES,"$12,845.00","$12,845.00",No,0,No,INSTOCK,https://www.cyclewisevt.com/dx1inventory/1617e113-e064-474a-b28b-b42b01117969
2026,Triumph,Tiger Sport 800 Tour,5739,SMTL25P12TTCS5739,New,Motorcycles,Tiger-Sport,Matte Khaki / Sapphire Black,798 cc,2,MILES,"$13,545.00","$13,545.00",No,0,No,INSTOCK,https://www.cyclewisevt.com/dx1inventory/triumph-tigersport800-5739
2026,Triumph,Tiger Sport 800,1014,SMTL25P15TTCM1014,New,Motorcycles,Tiger-Sport,Sapphire Black,798 cc,2,MILES,"$12,845.00","$12,845.00",No,0,No,INSTOCK,https://www.cyclewisevt.com/dx1inventory/e76267ea-9080-4d1f-a054-b3b700ff535c
2026,Triumph,Tiger Sport 660,4558,SMTL29U18TTCR4558,New,Motorcycles,Tiger-Sport,Silver Ice / Intense Orange,660 cc,2,MILES,"$10,445.00","$10,445.00",No,0,No,INSTOCK,https://www.cyclewisevt.com/dx1inventory/77ee1d78-04d8-429f-9efd-b40f01763028
2026,Triumph,Trident 660,0978,SMTL28U46TTCS0978,New,Motorcycles,Trident,Cosmic Yellow,660 cc,22,MILES,"$9,145.00","$8,995.00",No,0,No,INSTOCK,https://www.cyclewisevt.com/dx1inventory/c040ff4f-9321-4746-82e2-b443010ad617
2026,Triumph,Trident 660,9539,SMTL23UF4TTCN9539,New,Motorcycles,Trident,Cosmic Yellow,660 cc,2,MILES,"$9,495.00","$8,995.00",No,0,No,INSTOCK,https://www.cyclewisevt.com/dx1inventory/88258a10-18f4-4484-926d-b413011f5a24
2026,Triumph,Trident 660,4497,SMTL28U48TTCR4497,New,Motorcycles,Trident,Stone Grey,660 cc,2,MILES,"$8,995.00","$8,995.00",No,0,No,INSTOCK,https://www.cyclewisevt.com/dx1inventory/triumph-trident660-4497
2026,Triumph,TXP-12 - Powered by OSET,7622,TRITX12139TCN7622,New,Motorcycles,TXP,Performance Yellow / Graphite Black,,2,MILES,"$1,695.00","$1,695.00",No,0,No,INSTOCK,https://www.cyclewisevt.com/dx1inventory/98c44dac-de51-4657-9b6a-b410010aab72
2026,Triumph,TXP-16 - Powered by OSET,7235,TRITX16139TCN7235,New,Motorcycles,TXP,Performance Yellow / Graphite Black,,2,MILES,0,"$2,295.00",No,0,No,INSTOCK,https://www.cyclewisevt.com/dx1inventory/1e7cebd0-b7ce-4b9c-bc6e-b410010aaaf5
2025,Triumph,Tiger Sport 660,0868,SMTL22U14STCE0868,New,Motorcycles,Adventure,Roulette Green,660 cc,2,MILES,"$8,820.00","$9,820.00",Yes,"$1,000.00",No,INSTOCK,https://www.cyclewisevt.com/dx1inventory/19335cf9-1644-4132-bf2c-b268013c838a
2025,Triumph,Tiger 850 Sport,5360,SMTE68DG2STCB5360,New,Motorcycles,Adventure,Roulette Green / Jet Black,888 cc,0,MILES,"$12,290.00","$12,290.00",No,0,No,INSTOCK,https://www.cyclewisevt.com/dx1inventory/d651f380-313d-48b8-86b5-b1fc015cd203
2025,Triumph,Tiger 900 GT Pro,3358,SMTC82DE5STCE3358,New,Motorcycles,Adventure,Sapphire Black,888 cc,2,MILES,"$15,795.00","$16,795.00",Yes,"$1,000.00",No,INSTOCK,https://www.cyclewisevt.com/dx1inventory/triumph-tiger900gtpro-3358
2025,Triumph,Speed Twin 1200 RS,7819,SMTDD0H21STCD7819,New,Motorcycles,Modern-Classic,Baja Orange / Sapphire Black,"1,200 cc",2,MILES,"$15,445.00","$16,195.00",Yes,$750.00,No,INSTOCK,https://www.cyclewisevt.com/dx1inventory/e1aed000-71f1-47ab-8b21-b27a014baacb
2025,Triumph,Scrambler 1200 X,0211A,SMTDR0HG1STCC0211,New,Motorcycles,Modern-Classic,Carnival Red,"1,200 cc",2,MILES,"$11,845.00","$14,095.00",Yes,"$2,250.00",No,INSTOCK,https://www.cyclewisevt.com/dx1inventory/f60cf2aa-eaf0-4e7c-8080-b317015ad9fc
2025,Triumph,Scrambler 400 X,0280,SMTT147Y5SNA30280,New,Motorcycles,Modern-Classic,Carnival Red / Phantom Black,398.15 cc,2,MILES,"$5,545.00","$5,895.00",Yes,$350.00,No,INSTOCK,https://www.cyclewisevt.com/dx1inventory/8187ac8b-16b3-42d8-9559-b2880128d16a
2025,Triumph,Scrambler 400 X,8431,SMTT147Y7SNA38431,New,Motorcycles,Modern-Classic,Phantom Black / Silver Ice,398.15 cc,2,MILES,"$5,545.00","$5,895.00",Yes,$350.00,No,INSTOCK,https://www.cyclewisevt.com/dx1inventory/triumph-scram400x-8431
2025,Triumph,Scrambler 1200 XE,7186,SMTDS0HG2STCC7186,New,Motorcycles,Modern-Classic,Sapphire Black,"1,200 cc",2,MILES,"$13,795.00","$15,295.00",Yes,"$1,500.00",No,INSTOCK,https://www.cyclewisevt.com/dx1inventory/361f8dd4-22af-4a5d-94a6-b32c00fde8e0
2025,Triumph,Trident 660,6223,SMTL21U44STCE6223,New,Motorcycles,Roadsters,Cosmic Yellow / Sapphire Black,660 cc,2,MILES,"$7,720.00","$8,720.00",Yes,"$1,000.00",No,INSTOCK,https://www.cyclewisevt.com/dx1inventory/c2d52e29-b0bc-4757-b9d5-b2d1013f2f8a
2025,Triumph,Trident 660,0212,SMTL21U49STCH0212,New,Motorcycles,Roadsters,Diablo Red / Sapphire Black,660 cc,2,MILES,"$7,720.00","$8,720.00",Yes,"$1,000.00",No,INSTOCK,https://www.cyclewisevt.com/dx1inventory/ea0a50e7-046c-42eb-bdd0-b2cb00e3d92d
2025,Triumph,Rocket 3 Storm GT,1942,SMTY1BJT8STCE1942,New,Motorcycles,Rocket-3,Granite / Sapphire Black,"2,458 cc",2,MILES,"$25,295.00","$26,295.00",Yes,"$1,000.00",No,INSTOCK,https://www.cyclewisevt.com/dx1inventory/triumph-rocket3-1942
2025,Triumph,Speed Twin 1200,2473,SMTDD0H26STCG2473,New,Motorcycles,Speed,Carnival Red / Sapphire Black,"1,200 cc",2,MILES,"$14,295.00","$14,295.00",No,0,No,INSTOCK,https://www.cyclewisevt.com/dx1inventory/32770164-8825-4a4a-924c-b2eb013a0d28
2025,Triumph,Tiger 900 Rally Pro,1774,SMTC83DE2STCG1774,New,Motorcycles,Tiger,Carbon Black / Sapphire Black,888 cc,2,MILES,"$14,995.00","$17,595.00",Yes,"$2,600.00",No,INSTOCK,https://www.cyclewisevt.com/dx1inventory/ca6a3bfc-1829-45e0-8ed2-b3b700ff9c38
2024,Triumph,Tiger Sport 660,1297A,SMTL20UL7RTBN1297,Used,Motorcycles,Adventure,Korosi Red / Graphite,660 cc,475,MILES,"$7,095.00","$9,820.00",Yes,"$2,725.00",No,INSTOCK,https://www.cyclewisevt.com/dx1inventory/1cf9381f-8ff0-47c0-933a-b30800dff84d
2023,Triumph,Tiger 1200 GT Pro,3550A,SMTP22V46PTBD3550,Used,Motorcycles,Adventure,"1,160 cc",Lucerne Blue,"3,807",MILES,"$13,995.00","$22,095.00",Yes,"$8,100.00",No,INSTOCK,https://www.cyclewisevt.com/dx1inventory/88669ea1-7e19-4768-a482-b42f0152df72
2023,Triumph,Tiger 900 GT Pro,3389A,SMTE64DF6PTBE3389,Used,Motorcycles,Adventure,888 cc,Carbon Black,"6,842",MILES,"$10,995.00","$17,595.00",Yes,"$6,600.00",No,INSTOCK,https://www.cyclewisevt.com/dx1inventory/triumph-tiger900-3389a
2022,Triumph,Scrambler 1200 XE,6448,SMTD51HG4NTAH6448,Used,Motorcycles,Modern-Classic,Sapphire Black,"1,200 cc","16,064",MILES,"$9,495.00","$15,845.00",Yes,"$6,350.00",No,INSTOCK,https://www.cyclewisevt.com/dx1inventory/e4766777-14d1-434a-b396-b14900f8aa4a
2021,Triumph,Tiger 850 Sport,1303,SMTE68DG3MTAE1303,Used,Motorcycles,Adventure,Graphite / Diablo Red,888 cc,"9,730",MILES,0,"$11,995.00",No,0,No,INSTOCK,https://www.cyclewisevt.com/dx1inventory/5e87bf0e-d346-4455-948c-b41e0114fd26
2019,Triumph,Bonneville Bobber Black,2137,SMTD53HL8KT912137,Used,Motorcycles,Modern-Classic,Jet Black,1200 cc,"5,091",MILES,"$7,500.00","$13,150.00",Yes,"$5,650.00",No,INSTOCK,https://www.cyclewisevt.com/dx1inventory/18864dd2-5d23-4603-a4e2-b45301042eef
2019,Triumph,Scrambler 1200 XE,3388,SMTD51HG7KT933388,Used,Motorcycles,Modern-Classic,Fusion White / Brooklands Green,1200 cc,"5,536",MILES,"$8,325.00","$14,000.00",Yes,"$5,675.00",No,INSTOCK,https://www.cyclewisevt.com/dx1inventory/triumph-scram1200xe-3388
